316 West Talbot St., Maineville, OH 45039
8763 Cemetery Ave., Mundelein, IL 60060
619 Grant St., Ravenna, OH 44266
200 W. Elizabeth Ave., Raeford, NC 28376
7363 Old Westminster St., Rolling Meadows, IL 60008
7756 Hill Dr., Plattsburgh, NY 12901
74 West Fairground St., Lincoln, NE 68506
34 Indian Spring Ave., Summerfield, FL 34491
7344 Proctor Ave., Hephzibah, GA 30815
747 La Sierra Ct., Waukesha, WI 53186
7319 Mammoth Cir., Dearborn Heights, MI 48127
837 Helen Ave., Cherry Hill, NJ 08003
37 Briarwood St., Murfreesboro, TN 37128
8758 Lake St., Mount Holly, NJ 08060
342 Holly St., El Paso, TX 79930
863 Carriage Ave., Battle Ground, WA 98604
87 Prairie Rd., Bartlett, IL 60103
6 Court St., Dickson, TN 37055
7600 York St., Hickory, NC 28601
8328 East Bowman Ave., Brookfield, WI 53045